{
  "n_prompts_per_pop": 20,
  "n_layers": 32,
  "hidden_dim": 4096,
  "mean_cos_AB": 0.2852602005004883,
  "pool_directions": false,
  "target_layer": 6,
  "layerwise_stability": [
    0.6240833401679993,
    0.780369222164154,
    0.7356189489364624,
    0.7917599678039551,
    0.7629126310348511,
    0.805641233921051,
    0.8288084268569946,
    0.8388469815254211,
    0.8203369379043579,
    0.8496259450912476,
    0.8766367435455322,
    0.8580732345581055,
    0.8706750869750977,
    0.8637722134590149,
    0.8147428035736084,
    0.816906750202179,
    0.8743065595626831,
    0.877485454082489,
    0.903505802154541,
    0.9263348579406738,
    0.9428495168685913,
    0.9583075642585754,
    0.954423725605011,
    0.9646420478820801,
    0.9586962461471558,
    0.9636930227279663,
    0.9561693668365479,
    0.9382255673408508,
    0.9319478273391724,
    0.931988000869751,
    0.8640633821487427
  ],
  "auroc_by_layer": [
    0.95,
    0.89875,
    0.91,
    0.95125,
    0.8987499999999999,
    0.9037499999999999,
    0.95,
    0.9525,
    0.9524999999999999,
    0.96375,
    0.95,
    0.9700000000000001,
    0.98,
    0.9924999999999999,
    0.985,
    1.0,
    1.0,
    0.995,
    0.98625,
    0.98625,
    0.99125,
    0.9924999999999999,
    0.9974999999999999,
    0.9974999999999999,
    0.9974999999999999,
    0.9974999999999999,
    0.9974999999999999,
    0.9974999999999999,
    0.99625,
    0.995,
    0.995,
    0.96625
  ],
  "auroc_target_layer": {
    "auroc_direction": 0.95,
    "auroc_null": 0.5462499999999999,
    "ci_95": [
      0.8878167749658004,
      0.9930594834087482
    ],
    "passes_threshold": true
  },
  "representation_rank": {
    "failure_set": 13,
    "correct_confident": 14,
    "variance_threshold": 0.9
  },
  "pre_registered_gate": {
    "AUROC_passes": true,
    "cos_AB_interpretation": "two_distinct_phenomena"
  }
}